{"sections":{"main_article":{"type":"main-article","blocks":{"article_header":{"type":"article-header","settings":{"heading_size":"h2","blog_show_tags":true,"blog_show_image":true,"blog_show_excerpt":true,"blog_show_author":true,"blog_show_date":true,"image_ratio":"21\/9","show_share":true,"show_share_label":false,"show_share_facebook":true,"show_share_twitter":true,"show_share_telegram":false,"show_share_reddit":false,"show_share_copy":true}},"content":{"type":"content","settings":{}},"article_footer":{"type":"article-footer","settings":{"blog_show_date":true,"show_share":true,"show_share_label":false,"show_share_facebook":true,"show_share_twitter":true,"show_share_telegram":false,"show_share_reddit":false,"show_share_copy":true}}},"block_order":["article_header","content","article_footer"],"custom_css":[".article-template__tag {border-radius: var(--border-radius-badge);}"],"settings":{"show_border_top":true,"margin_top":"no-indent","margin_bottom":"no-indent"}},"featured_blog":{"type":"featured-blog","custom_css":[],"settings":{"section_layout":"column","post_limit":3,"columns_per_row":3,"section_heading":"Our latest news","section_heading_size":"h2","section_subheading":"","dot":false,"section_button_label":"Read all News","section_button_link":"#","button_dot":false,"section_button_style":"primary","blog":"news","show_image":true,"show_tags":true,"show_date":true,"show_author":true,"show_excerpt":false,"show_count_comments":false,"columns_mobile":"1","swipe_on_mobile":true,"image_ratio_first":"4\/3","image_ratio":"16\/9","margin_top":"l","margin_bottom":"l"}},"newsletter":{"type":"newsletter","settings":{"color_scheme":"background-1","v_align":"column","heading":"Heading for subscribe form","heading_size":"h1","newsletter_text":"","section_button_style":"primary","button_dot":false,"margin_top":"no-indent","margin_bottom":"no-indent","padding_top":"l","padding_bottom":"l"}}},"order":["main_article","featured_blog","newsletter"]}