{"sections":{"main-blog":{"type":"main-blog","settings":{"posts_per_page":7,"columns_mobile":"1","featured_show_image":true,"featured_image_ratio":"3\/2","featured_show_tags":true,"featured_show_date":true,"featured_show_author":true,"featured_show_excerpt":true,"show_image":true,"image_ratio":"3\/2","show_tags":true,"show_date":true,"show_author":true,"show_excerpt":false,"show_count_comments":false,"margin_top":"no-indent","margin_bottom":"l"}},"newsletter":{"type":"newsletter","settings":{"color_scheme":"background-1","v_align":"column","heading":"Heading for subscribe form","heading_size":"h1","newsletter_text":"","section_button_style":"primary","button_dot":false,"margin_top":"l","margin_bottom":"l","padding_top":"no-indent","padding_bottom":"no-indent"}}},"order":["main-blog","newsletter"]}