{"sections":{"main":{"type":"main-page","disabled":true,"settings":{"heading_size":"h3","margin_top":"no-indent","margin_bottom":"m"}},"collapsible_content_ipfQQH":{"type":"collapsible-content","blocks":{"accordion_pHzEPi":{"type":"accordion","settings":{"question":"How do I place an order?","answer":"Log in to your account to access your displaybuilder and pricing. Orders must meet minimum order quantities (MOQs) andcase-pack rules for each product line.","default_open":true}},"accordion_HwUdrG":{"type":"accordion","settings":{"question":"Can I reorder products without buying a full display?","answer":"Yes. Reorders require a minimum of 3 sleeves of hats or 4 sleeves of beanies. There is no maximum order limit.","default_open":false}},"accordion_3E3YRG":{"type":"accordion","settings":{"question":"What if a product does not sell?","answer":"Arcadian guarantees all sales. If     a style is not selling, we will replace it with a better-performing one at     no cost.","default_open":false}},"accordion_C6NPVd":{"type":"accordion","settings":{"question":"Can multiple users log in for one account?","answer":"Yes. Each retail location can have multiple authorized users under the same account.","default_open":false}},"accordion_waQbLC":{"type":"accordion","settings":{"question":"How do I request a credit memo?","answer":"Contact your designated Arcadian sales representative for any credit requests","default_open":false}}},"block_order":["accordion_pHzEPi","accordion_HwUdrG","accordion_3E3YRG","accordion_C6NPVd","accordion_waQbLC"],"name":"t:sections.collapsible-content.name","settings":{"section_layout":"column","icon_style":"secondary","section_heading":"Frequently Asked Questions","section_heading_size":"h2","section_subheading":"","dot":false,"section_button_label":"Button label","section_button_link":"shopify:\/\/collections\/all","button_dot":false,"section_button_style":"primary","margin_top":"l","margin_bottom":"l"}},"newsletter_miQeF9":{"type":"newsletter","settings":{"color_scheme":"background-1","v_align":"column","heading":"Heading for subscribe form","heading_size":"h1","newsletter_text":"","section_button_style":"primary","button_dot":false,"margin_top":"l","margin_bottom":"l","padding_top":"no-indent","padding_bottom":"no-indent"}}},"order":["main","collapsible_content_ipfQQH","newsletter_miQeF9"]}