{"sections":{"main":{"type":"main-page","disabled":true,"settings":{"heading_size":"h3","margin_top":"no-indent","margin_bottom":"no-indent"}},"form":{"type":"contact-form","settings":{"content_align":"left","heading":"Get in Touch","heading_size":"h2","text":"We would love to hear from you. Whether you are a retailer interested in joining the Arcadian network or a current partner with a question, our team is here to help.","additional_text":"Additional text for contact form.","image":"shopify:\/\/shop_images\/Frame_1_5.png","image_ratio":"adapt","button_style":"primary","margin_top":"m","margin_bottom":"m"}}},"order":["main","form"]}