{"sections":{"main":{"type":"main-page","settings":{"heading_size":"h1","margin_top":"no-indent","margin_bottom":"m"}},"newsletter_aXweaE":{"type":"newsletter","name":"t:sections.newsletter.name","settings":{"color_scheme":"","v_align":"column","heading":"Heading for subscribe form","heading_size":"h1","newsletter_text":"","section_button_style":"primary","button_dot":false,"margin_top":"no-indent","margin_bottom":"no-indent","padding_top":"l","padding_bottom":"l"}}},"order":["main","newsletter_aXweaE"]}