{"sections":{"main":{"type":"main-page","disabled":true,"settings":{"heading_size":"h3","margin_top":"no-indent","margin_bottom":"no-indent"}},"slideshow_HXHbtm":{"type":"slideshow","blocks":{"slideshow_item_Dj7yai":{"type":"slideshow_item","settings":{"desktop_image":"shopify:\/\/shop_images\/slideshow.png","mobile_image":"shopify:\/\/shop_images\/slideshow-mobile.png","color_scheme":"background-3","heading":"Slide Heading","text":"<p>Text from here describes your slide<\/p>","text_width":"small","button_label":"Shop Now","button_link":"#","button_dot":false,"button_style":"primary","overlay_enable":true,"overlay_opacity":15,"overlay_opacity_mobile":15}}},"block_order":["slideshow_item_Dj7yai"],"settings":{"header_overlay":true,"header_transparent":true,"color_scheme_header":"background-3","light_logo":true,"section_layout":"full","text_position":"left","pagination_position":"bottom","image_size":"16\/9","image_size_mobile":"3\/4","text_position_mobile":"bottom-left","is_autoplay":true,"is_hover_stop_autoplay":false,"slideshow_speed":1.1,"slideshow_delay":3,"slide_effects":"slide","text_animation":true,"margin_top":"no-indent","margin_bottom":"no-indent"}},"slideshow_column_q3LdkU":{"type":"slideshow-column","blocks":{"split_screen_slid_47ijTR":{"type":"split_screen_slid","settings":{"color_scheme":"background-1","heading":"Slide heading","text":"<p>Text from here describes your slide<\/p>","image_second":"shopify:\/\/shop_images\/Frame_1_5.png","button_label":"Shop Now","button_link":"#","button_dot":false,"button_style":"primary","overlay_enable":true,"overlay_opacity":0}},"split_screen_slid_J3AGqA":{"type":"split_screen_slid","settings":{"color_scheme":"background-1","heading":"Slide heading","text":"<p>Text from here describes your slide<\/p>","image_second":"shopify:\/\/shop_images\/Frame_1_5.png","button_label":"Shop Now","button_link":"#","button_dot":false,"button_style":"primary","overlay_enable":true,"overlay_opacity":0}},"split_screen_slid_PzYniB":{"type":"split_screen_slid","disabled":true,"settings":{"color_scheme":"background-1","heading":"Slide heading","text":"<p>Text from here describes your slide<\/p>","image_second":"shopify:\/\/shop_images\/Frame_1_4.png","button_label":"Shop Now","button_link":"#","button_dot":false,"button_style":"primary","overlay_enable":true,"overlay_opacity":0}}},"block_order":["split_screen_slid_47ijTR","split_screen_slid_J3AGqA","split_screen_slid_PzYniB"],"name":"t:sections.slideshow-column.name","settings":{"section_layout":"full","text_alignment":"center","image_size":"1\/1","image_size_mobile":"1\/1","is_autoplay":true,"slideshow_speed":1,"slideshow_delay":3,"slide_effects":"slide","margin_top":"no-indent","margin_bottom":"no-indent"}},"slideshow_zkyGHX":{"type":"slideshow","blocks":{"slideshow_item_piYnhe":{"type":"slideshow_item","settings":{"desktop_image":"shopify:\/\/shop_images\/slideshow.png","mobile_image":"shopify:\/\/shop_images\/slideshow.png","color_scheme":"background-3","heading":"Slide heading","text":"<p>Text from here describes your slide<\/p>","text_width":"small","button_label":"Shop Now","button_link":"#","button_dot":false,"button_style":"primary","overlay_enable":true,"overlay_opacity":0,"overlay_opacity_mobile":0}}},"block_order":["slideshow_item_piYnhe"],"name":"t:sections.slideshow.name","settings":{"header_overlay":false,"header_transparent":false,"color_scheme_header":"background-1","light_logo":true,"section_layout":"full","text_position":"left","pagination_position":"bottom","image_size":"16\/9","image_size_mobile":"adapt","text_position_mobile":"bottom-left","is_autoplay":true,"is_hover_stop_autoplay":false,"slideshow_speed":0.8,"slideshow_delay":3,"slide_effects":"custom","text_animation":true,"margin_top":"no-indent","margin_bottom":"no-indent"}},"image_with_text_MQqk9Y":{"type":"image-with-text","name":"t:sections.image-with-text.presets.name","settings":{"color_scheme":"scheme-550f4588-f617-4dea-b41a-6487fab10bef","image_position":"image_left","content_alignment":"left","image":"shopify:\/\/shop_images\/Frame_1_5.png","image_size":"1\/1","subheading":"Some Subheading","dot":false,"heading":"Some heading for this section","heading_size":"h2","text":"<p>Description of your company, products, collections, and so on. There may be several paragraphs here.<\/p>","button_label":"Button","button_link":"#","button_style":"primary","button_dot":false,"margin_top":"l","margin_bottom":"l"}},"image_with_text_TEqpU3":{"type":"image-with-text","name":"t:sections.image-with-text.presets.name","settings":{"color_scheme":"scheme-550f4588-f617-4dea-b41a-6487fab10bef","image_position":"image_right","content_alignment":"left","image":"shopify:\/\/shop_images\/Image_b0d119d6-e8fc-44ee-b489-aa889351fbb2.png","image_size":"1\/1","subheading":"Some Subheading","dot":false,"heading":"Some heading for this section","heading_size":"h1","text":"<p>Description of your company, products, collections, and so on. There may be several paragraphs here.<\/p>","button_label":"Button","button_link":"#","button_style":"primary","button_dot":false,"margin_top":"l","margin_bottom":"l"}},"image_with_text_tgakhy":{"type":"image-with-text","name":"t:sections.image-with-text.presets.name","settings":{"color_scheme":"scheme-550f4588-f617-4dea-b41a-6487fab10bef","image_position":"image_center","content_alignment":"left","image":"shopify:\/\/shop_images\/Image_2fb2e8b0-125c-4b09-85a2-c63aabf77151.png","image_size":"1\/1","subheading":"Some Subheading","dot":false,"heading":"Some heading for this section","heading_size":"h1","text":"<p>Description of your company, products, collections, and so on. There may be several paragraphs here.<\/p>","button_label":"Button","button_link":"#","button_style":"primary","button_dot":false,"margin_top":"l","margin_bottom":"no-indent"}},"collapsible_content_eA3wgE":{"type":"collapsible-content","blocks":{"accordion_UAeVCx":{"type":"accordion","settings":{"question":"Some title?","answer":"Yes, it is compatible with most devices, including laptops and desktops. Itconnects via USB and works with major operating systems like Windows,macOS, and Linux. Please check the product page for specific requirements.","default_open":true}},"accordion_q6L3zG":{"type":"accordion","settings":{"question":"Some title","answer":"Yes, it is compatible with most devices, including laptops and desktops. Itconnects via USB and works with major operating systems like Windows,macOS, and Linux. Please check the product page for specific requirements.","default_open":false}},"accordion_j84zHD":{"type":"accordion","settings":{"question":"Some title","answer":"Yes, it is compatible with most devices, including laptops and desktops. Itconnects via USB and works with major operating systems like Windows,macOS, and Linux. Please check the product page for specific requirements.","default_open":false}},"accordion_VUbbLV":{"type":"accordion","settings":{"question":"Some title","answer":"Yes, it is compatible with most devices, including laptops and desktops. Itconnects via USB and works with major operating systems like Windows,macOS, and Linux. Please check the product page for specific requirements.","default_open":false}}},"block_order":["accordion_UAeVCx","accordion_q6L3zG","accordion_j84zHD","accordion_VUbbLV"],"name":"t:sections.collapsible-content.name","settings":{"section_layout":"row","icon_style":"secondary","section_heading":"Frequently Asked Questions","section_heading_size":"h2","section_subheading":"","dot":false,"section_button_label":"Button","section_button_link":"#","button_dot":false,"section_button_style":"primary","margin_top":"l","margin_bottom":"l"}},"rich-text":{"type":"rich-text","settings":{"section_layout":"row","color_scheme":"scheme-3e3c4229-9c71-4952-8374-f6617ba4eeda","subheading":"Some Subheading","heading":"Some Heading","heading_size":"h2","dot":false,"text":"<p>Enter a brief description or message for this section. This text will help convey important information to your users.<\/p>","margin_top":"l","margin_bottom":"l"}},"rich_text_AgRJ6Y":{"type":"rich-text","name":"t:sections.rich-text.presets.name","settings":{"section_layout":"column","color_scheme":"scheme-3e3c4229-9c71-4952-8374-f6617ba4eeda","subheading":"Some Subheading","heading":"Some Heading","heading_size":"h2","dot":false,"text":"<p>Enter a brief description or message for this section. This text will help convey important information to your users.<\/p>","margin_top":"l","margin_bottom":"l"}},"newsletter":{"type":"newsletter","disabled":true,"settings":{"color_scheme":"background-1","v_align":"column","heading":"Heading for subscribe form","heading_size":"h1","newsletter_text":"","section_button_style":"primary","button_dot":true,"margin_top":"m","margin_bottom":"m","padding_top":"m","padding_bottom":"m"}},"contact_form_LziY7G":{"type":"contact-form","name":"t:sections.contact-form.presets.name","settings":{"content_align":"center","heading":"Contact form","heading_size":"h2","text":"Some text for your contact form. You can use multiple lines of text.","additional_text":"Additional text for contact form.","image":"shopify:\/\/shop_images\/Image_ae84dd74-bbe3-4f29-acd8-5dba489600bc.png","image_ratio":"adapt","button_style":"primary","margin_top":"l","margin_bottom":"l"}},"collections_list_g3Gt4p":{"type":"collections-list","blocks":{"collection_item_bfYUnR":{"type":"collection_item","settings":{"collection":"beanies","color_scheme":"background-2","image_has_container":false,"collection_heading_size":"h2","overlay_enable":true,"overlay_opacity":0}},"collection_item_tF8zFr":{"type":"collection_item","settings":{"collection":"hats","color_scheme":"background-3","image_has_container":false,"collection_heading_size":"h2","overlay_enable":true,"overlay_opacity":0}},"collection_item_e3jmrP":{"type":"collection_item","settings":{"collection":"patches","color_scheme":"background-2","image_has_container":false,"collection_heading_size":"h2","overlay_enable":true,"overlay_opacity":0}}},"block_order":["collection_item_bfYUnR","collection_item_tF8zFr","collection_item_e3jmrP"],"name":"t:sections.collections-list.presets.name","settings":{"section_heading":"","section_heading_size":"h2","subheading":"","dot":false,"content-align":"align-left","columns_per_row":3,"swipe_on_mobile":false,"image_ratio":"1\/1","margin_top":"no-indent","margin_bottom":"no-indent"}}},"order":["main","slideshow_HXHbtm","slideshow_column_q3LdkU","slideshow_zkyGHX","image_with_text_MQqk9Y","image_with_text_TEqpU3","image_with_text_tgakhy","collapsible_content_eA3wgE","rich-text","rich_text_AgRJ6Y","newsletter","contact_form_LziY7G","collections_list_g3Gt4p"]}