{"type":"footer","name":"t:sections.footer.settings.footer-group.label","sections":{"footer":{"type":"footer","blocks":{"footer-0":{"type":"logo_info","settings":{"logo":"shopify:\/\/shop_images\/Logo-transparent.png","logo_width":170,"description":""}},"footer-4":{"type":"contacts","settings":{"address":"","phone":"(800) 993-6272","email":"info@arcadianoutfitters.com","working_hours":"9:00 AM - 5 PM MST"}},"footer-1":{"type":"link_list","settings":{"heading":"Shop","menu":"footer-shop","default_open":false}},"footer-2":{"type":"link_list","settings":{"heading":"About","menu":"footer-about","default_open":false}},"footer-3":{"type":"link_list","settings":{"heading":"More","menu":"footer-more","default_open":false}}},"block_order":["footer-0","footer-4","footer-1","footer-2","footer-3"],"settings":{"color_scheme":"background-3","icon_style":"secondary","show_social":true,"enable_country_selector":true,"enable_language_selector":true,"payment_enable":false,"show_policy":true,"enable_copyright_date":true,"enable_copyright_shopname":true,"enable_follow_on_shop":true}}},"order":["footer"]}