{"type":"header","name":"t:sections.header.settings.header-group.label","sections":{"announcement-bar":{"type":"announcement-bar","settings":{"height":40,"height_mobile":40,"color_scheme":"","text":"For example, a test of the announcement of some news","button_label":"Shop Now","button_link":"shopify:\/\/collections\/all"}},"header":{"type":"header","blocks":{"search_promo":{"type":"search_promo","settings":{"enable_search_promo":true,"show_links_block":true,"links_label":"Popular searches","link_label_1":"Some label","link_1":"","link_label_2":"Some label","link_2":"","link_label_3":"Some label","link_3":"","link_label_4":"","link_4":"","link_label_5":"","link_5":"","link_label_6":"","link_6":"","show_products_block":true,"products_label":"Popular Products","product_list":["classic-knit-beanie-1"],"button_label":"","button_link":""}},"mega_menu_9jGUVi":{"type":"mega_menu","settings":{"mega_menu_trigger":"Shop","menu_1_heading":"Menu heading","menu_1":"","menu_2_heading":"Menu heading","menu_2":"","show_promo_block_1":true,"color_scheme_1":"background-1","image_1":"shopify:\/\/shop_images\/menu-1.png","heading_1":"Hats","button_link_1":"shopify:\/\/collections\/hats","overlay_opacity_1":0,"match_color_1":false,"show_promo_block_2":true,"color_scheme_2":"background-1","image_2":"shopify:\/\/shop_images\/menu-2.png","heading_2":"Beanies","button_link_2":"shopify:\/\/collections\/beanies","overlay_opacity_2":0,"match_color_2":false,"show_promo_block_3":true,"color_scheme_3":"background-1","image_3":"shopify:\/\/shop_images\/menu-3.png","heading_3":"Patches","button_link_3":"shopify:\/\/collections\/patches","overlay_opacity_3":0,"match_color_3":false,"bottom_text":"Some text for your promo block","bottom_button_label":"Shop now","bottom_button_link":"#"}}},"block_order":["search_promo","mega_menu_9jGUVi"],"settings":{"header_type":"top-menu","logo_position":"left-logo","full_menu":true,"background":"primary","enable_border":false,"logo":"shopify:\/\/shop_images\/Logo.png","logo_2":"shopify:\/\/shop_images\/Logo-transparent.png","logo_width":120,"menu":"main-menu","enable_country_selector":true,"enable_language_selector":true,"enable_social":false,"sticky_header_type":"on-scroll-up","enable_search":true}}},"order":["announcement-bar","header"]}